{"cameraMode":{"drawMode":0,"name":"Shaded","section":"Shading Mode"},"sceneLighting":true,"audioPlay":false,"sceneViewState":{"m_AlwaysRefresh":false,"showFog":true,"showSkybox":true,"showFlares":true,"showImageEffects":true,"showParticleSystems":true,"showVisualEffectGraphs":true,"m_FxEnabled":true},"in2DMode":false,"pivot":{"x":4.73742151260376,"y":1.4285136461257935,"z":-1.0905300378799439},"rotation":{"x":0.004789487458765507,"y":-0.9908086061477661,"z":0.13095681369304658,"w":0.036913130432367328},"size":0.3783569931983948,"orthographic":false}