{"cameraMode":{"drawMode":0,"name":"Shaded","section":"Shading Mode"},"sceneLighting":true,"audioPlay":false,"sceneViewState":{"m_AlwaysRefresh":false,"showFog":true,"showSkybox":true,"showFlares":true,"showImageEffects":true,"showParticleSystems":true,"showVisualEffectGraphs":true,"m_FxEnabled":true},"in2DMode":false,"pivot":{"x":2.9350907802581789,"y":1.3848559856414796,"z":0.9782509803771973},"rotation":{"x":-0.05316368490457535,"y":-0.9319170117378235,"z":0.15137073397636414,"w":-0.32572638988494875},"size":0.837873637676239,"orthographic":false}