{"cameraMode":{"drawMode":0,"name":"Shaded","section":"Shading Mode"},"sceneLighting":true,"audioPlay":false,"sceneViewState":{"m_AlwaysRefresh":false,"showFog":true,"showSkybox":true,"showFlares":true,"showImageEffects":true,"showParticleSystems":true,"showVisualEffectGraphs":true,"m_FxEnabled":true},"in2DMode":false,"pivot":{"x":4.565432071685791,"y":0.9782007932662964,"z":-1.6740124225616456},"rotation":{"x":0.040793195366859439,"y":-0.9587464928627014,"z":0.21282707154750825,"w":0.18464389443397523},"size":1.7956275939941407,"orthographic":false}