{"cameraMode":{"drawMode":0,"name":"Shaded","section":"Shading Mode"},"sceneLighting":true,"audioPlay":false,"sceneViewState":{"m_AlwaysRefresh":false,"showFog":true,"showSkybox":true,"showFlares":true,"showImageEffects":true,"showParticleSystems":true,"showVisualEffectGraphs":true,"m_FxEnabled":true},"in2DMode":false,"pivot":{"x":4.113458633422852,"y":1.4881398677825928,"z":-1.4839340448379517},"rotation":{"x":-0.025791477411985399,"y":-0.9738950729370117,"z":0.17510142922401429,"w":-0.1429670751094818},"size":1.2783570289611817,"orthographic":false}