{"cameraMode":{"drawMode":0,"name":"Shaded","section":"Shading Mode"},"sceneLighting":true,"audioPlay":false,"sceneViewState":{"m_AlwaysRefresh":false,"showFog":true,"showSkybox":true,"showFlares":true,"showImageEffects":true,"showParticleSystems":true,"showVisualEffectGraphs":true,"m_FxEnabled":true},"in2DMode":false,"pivot":{"x":4.565432071685791,"y":0.9782007932662964,"z":-1.6740124225616456},"rotation":{"x":-0.022822534665465356,"y":-0.9764711260795593,"z":0.17373205721378327,"w":-0.12691278755664826},"size":1.914557695388794,"orthographic":false}