{"cameraMode":{"drawMode":0,"name":"Shaded","section":"Shading Mode"},"sceneLighting":true,"audioPlay":false,"sceneViewState":{"m_AlwaysRefresh":false,"showFog":true,"showSkybox":true,"showFlares":true,"showImageEffects":true,"showParticleSystems":true,"showVisualEffectGraphs":true,"m_FxEnabled":true},"in2DMode":false,"pivot":{"x":3.622999906539917,"y":1.3940000534057618,"z":0.30000001192092898},"rotation":{"x":0.0009487243951298296,"y":0.9988771080970764,"z":-0.02307797223329544,"w":0.04229089617729187},"size":0.2660253643989563,"orthographic":false}