{"cameraMode":{"drawMode":0,"name":"Shaded","section":"Shading Mode"},"sceneLighting":true,"audioPlay":false,"sceneViewState":{"m_AlwaysRefresh":false,"showFog":true,"showSkybox":true,"showFlares":true,"showImageEffects":true,"showParticleSystems":true,"showVisualEffectGraphs":true,"m_FxEnabled":true},"in2DMode":false,"pivot":{"x":3.6054701805114748,"y":0.7144873142242432,"z":-0.35062259435653689},"rotation":{"x":-0.1380166858434677,"y":0.780770480632782,"z":-0.18561047315597535,"w":-0.5804612636566162},"size":1.1585683822631837,"orthographic":false}