{"cameraMode":{"drawMode":0,"name":"Shaded","section":"Shading Mode"},"sceneLighting":true,"audioPlay":false,"sceneViewState":{"m_AlwaysRefresh":false,"showFog":true,"showSkybox":true,"showFlares":true,"showImageEffects":true,"showParticleSystems":true,"showVisualEffectGraphs":true,"m_FxEnabled":true},"in2DMode":false,"pivot":{"x":0.2935934066772461,"y":0.7172021865844727,"z":-2.6577513217926027},"rotation":{"x":0.13981090486049653,"y":0.6865293979644775,"z":-0.13712535798549653,"w":0.7002906799316406},"size":1.4124999046325684,"orthographic":false}