{"cameraMode":{"drawMode":0,"name":"Shaded","section":"Shading Mode"},"sceneLighting":true,"audioPlay":false,"sceneViewState":{"m_AlwaysRefresh":false,"showFog":true,"showSkybox":true,"showFlares":true,"showImageEffects":true,"showParticleSystems":true,"showVisualEffectGraphs":true,"m_FxEnabled":true},"in2DMode":false,"pivot":{"x":611.9205932617188,"y":1269.3389892578125,"z":-144.41622924804688},"rotation":{"x":-0.01950898766517639,"y":-0.030621910467743875,"z":0.00027786928694695234,"w":-0.999476432800293},"size":542.4483642578125,"orthographic":true}