{"cameraMode":{"drawMode":0,"name":"Shaded","section":"Shading Mode"},"sceneLighting":true,"audioPlay":false,"sceneViewState":{"m_AlwaysRefresh":false,"showFog":true,"showSkybox":true,"showFlares":true,"showImageEffects":true,"showParticleSystems":true,"showVisualEffectGraphs":true,"m_FxEnabled":true},"in2DMode":false,"pivot":{"x":3.988677978515625,"y":0.6444428563117981,"z":-0.8969783186912537},"rotation":{"x":0.008264348842203617,"y":0.9858047962188721,"z":-0.15989705920219422,"w":0.05092152953147888},"size":1.235194206237793,"orthographic":false}