{"cameraMode":{"drawMode":0,"name":"Shaded","section":"Shading Mode"},"sceneLighting":false,"audioPlay":false,"sceneViewState":{"m_AlwaysRefresh":false,"showFog":true,"showSkybox":false,"showFlares":true,"showImageEffects":true,"showParticleSystems":true,"showVisualEffectGraphs":true,"m_FxEnabled":true},"in2DMode":false,"pivot":{"x":364.53375244140627,"y":96.86998748779297,"z":61.76324462890625},"rotation":{"x":-0.09256791323423386,"y":-0.08145958185195923,"z":0.007615844719111919,"w":-0.992412269115448},"size":1049.2271728515625,"orthographic":false}